Name,Description,Rating,Reviews,MinimumProjectSize,Hourly Rate,Location,Profile URL,Detailed Info
MobileCoderz Technologies Pvt Ltd,Helping Start-up's Go Mobile,4.6,45 reviews,"$5,000+",< $25 / hr,"Carson City, NV",/profile/mobilecoderz-technologies#reviews,"MobileCoderz is a leading Digital Transformation Company with years of expertise in mobile app development, website development, UI/UX design, eCommerce development, etc. We specialize in developing fully customized IT solutions for businesses' unique needs and preferences. Over the years, we have completed over 500+ projects and grown into a team of over 120+ geeks. We always deploy the latest and industry-standard technologies such as React Native, Swift, Flutter, Kotlin, Ionic, Xamarin, Angular, and more into our innovative projects. The reliability and quality of our software solutions for global clients have made us achieve a staggering 97% client retention rate.
"
Ebryx Tech,Letâ€™s create the next big thing together,4.9,7 reviews,"$10,000+",$25 - $49 / hr,"Salem, NH",/profile/ebryx-tech#reviews,"Ebryx Tech isÂ a custom software development company with 15 years of industry expertise with cybersecurity background. As a trusted company, we are dedicated to delivering solutions that not only meet our clientsâ€™ unique needs but also foster business growth.
"
Rorko,Results By Technology ðŸ’¯,4.9,12 reviews,"$5,000+",< $25 / hr,"Bengaluru, India",/profile/rorko#reviews,"Rorko is a leading business technology consulting firm, dedicated to delivering value to our partners through strategic digital initiatives
"
WPWeb Infotech,Trusted Web & eCommerce Development Partner,5.0,47 reviews,"$5,000+",< $25 / hr,"Ahmedabad, India",/profile/wpweb-infotech,"WPWeb Infotech is a leading eCommerce and Web development company, delivering top-notch IT solutions for startups, small, medium, and enterprise-level businesses across the globe. WPWeb Infotech is a trusted web development partner and preferred choice for outsourcing developers in trending technologies like PHP, WordPress, Laravel, CI, Shopify, Magento, React, Angular, Node JS, Drupal, Ruby on Rails, Android, Flutter, iOS, etc. Within a short span of time, WPWeb Infotech is recognized as one of the leading web development companies in India with the ability to deliver high-quality IT solutions to global clients.
"
Techuz,Delivering Promises,4.9,35 reviews,"$5,000+",< $25 / hr,"Ahmedabad, India",/profile/techuz,"Techuz was started by a group of tech-minded individuals focusing on creating world-class web and mobile solutions leveraging advanced technologies. Since our inception, we have been growing 300% yearly and have established an authority on Angularjs, Nodejs, Laravel, iOS - Swift and Android technologies. Not only are we adept at resolving enterprise needs but also have focused towards the growing unique requirements of start-ups. We are here because we believe in ""Delivering Promises"" and our relationship with the client starts with ""We"".
"
Excelfixer Sdn Bhd,We make your digital ideas a reality.,5.0,7 reviews,"$10,000+",$25 - $49 / hr,"Petaling Jaya, Malaysia",/profile/excelfixer-sdn-bhd#reviews,"Excelfixer SDN BHD is a dynamic software development company with a competitive edge in mobile applications and database solutions, including emerging techs such as Web3, Voice, AI Machine Learning.
"
Wednesday Solutions,Technology partner to digital first businesses,4.8,13 reviews,"$5,000+",$25 - $49 / hr,"Pune, India",/profile/wednesday-solutions#reviews,"Wednesday is a digital product engineering agency. We are known for our work in Data Engineering, Data-Centric AI (Generative & Applied), & Application Development.
"
Multidots,Trusted Enterprise WordPress Agency,4.9,30 reviews,"$25,000+",$50 - $99 / hr,"Ahmedabad, India",/profile/multidots,"Multidots is an Inc. 5000 company and one of the top WordPress development companies in the world. We are one of the preferred enterprise WordPress implementation partners (WordPress VIP Gold Partner) selected by Automattic â€“ the company behind WordPress.com, WooCommerce, and Tumblr. We offer Enterprise WordPress Development, WordPress Migration, and Performance Optimization to clients in North America, APAC, and Europe.
"
AllianceTek,Empowering IT Solutions,4.9,38 reviews,"$25,000+",$25 - $49 / hr,"Ahmedabad, India",/profile/alliancetek,"
"
Groovy Technoweb Pvt. Ltd.,Top Mobile and Web App development company,4.9,48 reviews,"$5,000+",< $25 / hr,"Nadiad, India",/profile/groovy-technoweb,"Groovy Web is not just an IT service company, but it is a launch pad for businesses from different domains to outshine in a competitive market. With a team of 100+ and experience of more than a decade in the field, Groovy Web will take care of your custom development requirements at any level and will help you build high-quality products with the latest technologies and promote them with a fresh outlook, care, and passion.
"
Simform,Digital Product Engineering and Talent Solutions,4.8,55 reviews,"$25,000+",$25 - $49 / hr,"Ahmedabad, India",/profile/simform,"Simform is a digital product engineering and IT talent solutions company with a mission to solve complex software engineering problems. Since 2010, our team of 1000+ experts has helped businesses elevate their value through our development services.
"
MindInventory,Your New Age Digital Transformation Partner,4.6,46 reviews,"$10,000+",$25 - $49 / hr,"Ahmedabad, India",/profile/mindinventory,"MindInventory redefines digital experiences for businesses to thrive in the ever-changing digital landscape. As a leading digital transformation company, we assist businesses of all sizes with the successful adoption of leading-edge technologies to help them achieve their digital ambition. We are dedicated to providing pragmatic tech solutions that directly translate into accelerating growth with quantifiable outcomes.
"
Hyperlink InfoSystem,"#1 Mobile App, Web, & Software Development Company",4.9,142 reviews,"$25,000+",$25 - $49 / hr,"Ahmedabad, India",/profile/hyperlink-infosystem,"Hyperlink Infosystem, an ISO 9001:2008 certified organization, is a renowned IT Software Solutions provider with offices around the world.
"
TatvaSoft,Custom Web and Mobile development organization,4.9,40 reviews,"$10,000+",< $25 / hr,"Ahmedabad, India",/profile/tatvasoft,"One-stop Destination for Design and Development
"
Crest Coder,Hire Best Development Services at $15 P/H,4.7,28 reviews,"$5,000+",< $25 / hr,"Ahmedabad, India",/profile/crest-coder,"At Crest Coder, we donâ€™t write just mere lines of code. We compose software solutions to problems that matter. Over the past few years, our brand has emerged as the industry leader in the Information and Technology industry providing majorly in Mobile Application Development and Web Application Development.
"
iQlance Solutions,IT Outsourcing  Partner | Hire Dedicated Developer,4.8,38 reviews,"$5,000+",$25 - $49 / hr,"Ahmedabad, India",/profile/iqlance-solutions,"IT Outsourcing Software Partner -Â  Top IT Staff Augmentation
"
CMARIX,Envision â€¢ Leverage â€¢ Infinite,4.9,55 reviews,"$5,000+",$25 - $49 / hr,"Ahmedabad, India",/profile/cmarix,"CMARIX is a leading technology outsourcing company with expertise in Website, Enterprise Software & Mobile Application Development. With team of 228+ in-house experts, CMARIX is working with clients across 46 countries globally and have tailored 1100+ Web & 290+ Mobile applications across different business domains.
"
Aubergine Solutions,Creating impact through design and technology,4.9,38 reviews,"$10,000+",$25 - $49 / hr,"Ahmedabad, India",/profile/aubergine-solutions,"Aubergine Solutions is an end-to-end Web, Mobile and Enterprise Applications UI / UX Design and Development company. We are accredited by Red Dot Award, UX Design Awards & various other forums for expectional design and Great Place to Work Award for an amazing company culture.
"
Uplers,"Web development, Design, Digital & Email Marketing",4.9,123 reviews,"$1,000+",$25 - $49 / hr,"Ahmedabad, India",/profile/uplers,"At Uplers, we help clients with robust solutions for all their marketing and development needs, delivering end-to-end web design and development, digital marketing, and email marketing services. We're also a platform that helps companies hiring from India, employ 10X faster & more efficiently.
"
Agile Infoways LLC,Top-rated Custom Software Development Company,4.9,36 reviews,"$10,000+",$25 - $49 / hr,"Ahmedabad, India",/profile/agile-infoways,"Leading player inÂ  ODC, Custom Software, Mobile & Web App Development
"
POSITIWISE,Best Web development company in .NET & Wordpress,5.0,6 reviews,"$5,000+",< $25 / hr,"Ahmedabad, India",/profile/positiwise,"We are 20+ year old company specialising in modern web solutions based in India but marketing offices in US and across the globe. We are a place full of new-age ideas and technology experts, guarantee to build an ultra-modern software solution, fueling your business growth. We have certified experts in relative fields to ensure success of our clients.
"
Tridhya Tech Limited,Fastest Growing Web and Mobile App Company,4.9,36 reviews,"$5,000+",< $25 / hr,"Ahmedabad, India",/profile/tridhya-tech,"Tridhya Tech is a full-service software development company that caters its services to eCommerce, web, and mobile application development. The visionary experts at Tridhya Tech possess deep business insight and a strong determination to become the leading IT company globally. Here, we have excellent infrastructure and advanced technology support, along with a broad distribution network to cater to the business needs of our partners.
"
Albiorix Technology Pvt. Ltd.,Custom Web Application Development Company,5.0,9 reviews,"$10,000+",$25 - $49 / hr,"Ahmedabad, India",/profile/albiorix-technology,"With an unwavering commitment to excellence for the past 10 years, Albiorix Technology has led the path of custom software development through futuristic and landmark software solutions for its clients. We specialize in developing tailor-made solutions, including software, websites, mobile apps, and web applications. Fueled by a team of more than 100+ experienced professionals, our journey has encompassed the successful delivery of over 1000+ solutions.
"
Zignuts Technolab,Custom Mobile App And Web Development Agency,4.8,47 reviews,"$10,000+",< $25 / hr,"Gandhinagar, India",/profile/zignuts-technolab,No detailed information available
Vrinsoft Technology,Top Android & IOS App Development Company in India,4.8,16 reviews,"$10,000+",< $25 / hr,"Ahmedabad, India",/profile/vrinsoft-technology,"Vrinsoft Technology is a Â TOP Mobile & Web App development company in india since decades. It is ISO 9001:2008 certified IT company with major team members certified with Microsoft & Hubspot. From 2009 the company grew tremendously with its highly efficient work culture and strong result driven model.Â Vrinsoft Providing Cost effective solutions on project basis and hire basis to our clients inÂ USA, UK, Japan, Canada, Middle East and other parts of the World. Providing Robust solutions suitable to startups as well as enterprice as per thier needs.
"
IIH Global Limited,Most Trusted & Award Winning IT Firm,4.8,50 reviews,"$1,000+",< $25 / hr,"Ahmedabad, India",/profile/iih-global,"Intelligent IT Hub (IIH Global) Pvt. Ltd, established in 2013, with its dedicated and talented pool of 80+ resources, that builds scalable and budget-friendly solutions for clients across the globe.
"
Techcronus Business Solutions,Enterprise Applications & Custom Digital Solutions,4.7,5 reviews,"$5,000+",< $25 / hr,"Ahmedabad, India",/profile/techcronus-business-solutions,"Techcronus Business Solutions is a globally recognized provider of Enterprise Business Applications and Custom Software Development Services, with officesÂ  in USA, Australia, and India. As a distinguished Microsoft Partner and IAMCP Member, we are also honored to be a Certified Member of NASSCOM, representing the apex body for India's $227 billion IT BPM industry, and GESIA, the premier IT/ITES association in Gujarat.
"
F(x) Data Labs,Artificial Intelligence & Machine Learning Experts,5.0,13 reviews,"$1,000+",< $25 / hr,"Ahmedabad, India",/profile/fx-data-labs,"F(x) Data Labs: India's 1st Dedicated Data Science Company leading for AI, ML, NLP, and Full Stack Development
"
Digiwhiz,Web Design & Development Company | Umbraco Partner,5.0,7 reviews,"$1,000+",$25 - $49 / hr,"Ahmedabad, India",/profile/digiwhiz,"Digiwhiz - Your Trusted Digital Partner in Melbourne
"
Dolphin Web Solution Pvt.Ltd,"Web, Mobile Apps & eCommerce Solution Provider",4.9,13 reviews,"$10,000+",$25 - $49 / hr,"Ahmedabad, India",/profile/dolphin-web-solution-pvtltd,"Pioneering the Future
"
Space-O Technologies,Enterprise Mobile App Development Company,4.8,59 reviews,"$25,000+",$25 - $49 / hr,"Ahmedabad, India",/profile/space-o-technologies,"Space-O Technologies is one stop solution for all your mobile software development needs. From concept to development to marketing to ongoing maintenance, Space-O delivers. Space-O delivers no matter how diverse or complex the project is.
"
Wishtree Technologies,Delivering Digital,4.7,18 reviews,"$5,000+",$25 - $49 / hr,"Ahmedabad, India",/profile/wishtree-technologies,"Welcome to Wishtree Technologies, where digital product engineering meets limitless possibilities. We specialize in crafting tailor-made, scalable solutions that cater to the diverse technology needs of global organizations, spanning from Fortune 500 companies to ambitious startups.
"
Solution Analysts,"Analyzing needs, delivering solutions",4.9,13 reviews,"$10,000+",< $25 / hr,"Ahmedabad, India",/profile/solution-analysts,"Solution Analysts, a leading digital transformation and enterprise software development company that specializes in developing custom solutions in the domains of IoT, Robotic Process Automation (RPA), Enterprise Mobility, Mobile and Web Apps, SAAS based Application Development, Cloud & DevOps, Data Engineering and AI Engineering Services. Since inception in 2011, our vision of bringing automation and convenience for our clients based across more than 19 countries worldwide; has led us to develop more than 1100 custom State-of-Art digital transformation solutions which not only simplified business processes but also has significantly reduced costs, increased revenues and has empowered enterprises to make more data driven decisions.
"
Sapphire Software Solutions,"One stop solution for Web, Mobile and Desktop App",5.0,242 reviews,"$5,000+",< $25 / hr,"Ahmedabad, India",/profile/sapphire-software-solutions,"We Create, We Enhance, We Deliver More Than Expected - That's Sapphire
"
Software Co,Software Development Experts,5.0,36 reviews,"$10,000+",$50 - $99 / hr,"Ahmedabad, India",/profile/software-co,"At Software Co we build, manage and grow high performing software products and teams focused on technology & product lead growth.We've cracked the software development outsourcing code with our unique model that combines recruitment, managed operations, and cultural alignment â€” helping our clients scale their development capacity quickly, simply, and seamlessly.We are a team of premium Technology Consultants, Software Developers, UI/UX designers, Project Managers, Quality Assurance Analysts, Data Scientists, Software Architects and other technology industry professionals around the world. Top companies rely on Software Coâ€™s alliance for their most important software development projects.Here are some of our favourite projects over the past couple of years:- Cancer Diagnosis Platform for a large Australian hospital.- Investor Portal with large user base and complex integrations.- End to End Construction Management Platform.- Peer-to-peer lending Platform.- Multiple Ecommerce Platforms collectively generating over $100M in annual revenue.- Genetic diagnostics tool for the agriculture industry.- Worker Rostering and Task Management platform for on-field and remote workforce.- Daily mental health symptom tracker.- ML system to identify offensive content for a popular online marketplace.- Fleet management Platform.- On-demand beauty and wellness platform.- On-demand food delivery platform.- Private wealth management platform.- Inventory Management Platform.- Australia's first livestream shopping platform.- 100+ various other projects across industries.We are on a mission to build a community of passionate, purpose-led technologists that are committed to delivering digital transformation and technology services from ideation to execution. Every day we think disruptively to deliver technology to address our clientsâ€™ toughest challenges, all while seeking to revolutionise the IT industry and create positive change to the clients and businesses we serve.
"
Prismetric,Delivering Quality Products and Premium Services,4.8,59 reviews,"$5,000+",< $25 / hr,"Gandhinagar, India",/profile/prismetric,"Prismetric is an ISO 9001:2015 Certified Mobile App Development Company having a development center in India with offices in the USA, Hong Kong, Brazil, and Qatar that offer exceptional applications development for iPhone, iPad, and Android devices along with other web services to provide end-to-end solutions. We have a strength of over 80+ highly skilled and competent mobile app developers and designers working with a sole mindset of customer satisfaction.
"
Nettyfy Technologies,We Code Your Dreams To Reality,5.0,7 reviews,"$5,000+",$25 - $49 / hr,"Ahmedabad, India",/profile/nettyfy-technologies,"Nettfy Technologies has expertise of almost a decade in AI Development, ML Development, Blockchain and Custome Software, Web & Mobile app development, and with a team of highly skilled developers, Nettyfy Technologies empower every client to ride the ladder of success.
"
SoluteLabs,"Product Development, Simplified",4.7,19 reviews,"$10,000+",$25 - $49 / hr,"Ahmedabad, India",/profile/solutelabs,"Product Development, Simplified
"
FintegrationFS | MobileFirst Applications,Your Fintech Technology Partner,4.7,9 reviews,"$10,000+",$25 - $49 / hr,"Ahmedabad, India",/profile/fintegrationfs-mobilefirst-applications,"Building Fintech solutions since 10+ years. Working with global fintech companies like Plaid, Rutter, NSDL, Codat etc.
"
Evince Development,Delivering Growth by Digital Transformation,5.0,32 reviews,"$10,000+",$25 - $49 / hr,"Ahmedabad, India",/profile/evince-development,"EvinceDev (Evince Development) is a Top Rated Digital Innovation Agency Disrupting the Market with a decade of Experience and A Dauntless Motto of ""Delivering Growth by Accelerating Digital Transformation."" Inspired by The Spartan Community, Evince Has Established Its Steeping Pillars of Commitments, Ethics, Integrity, Innovation, and a Strategical Approach.
"
eSparkBiz,â­â­â­   Top 10 Staff Augmentation Company,4.9,44 reviews,"$5,000+",< $25 / hr,"Ahmedabad, India",/profile/esparkbiz,"eSparkBiz, a CMMI level 3 and ISO 9001:2008 certified company, has established itself as a leading Software and web development solution provider in the IT sector. With over 250+ trained and enthusiastic software engineers and more than 12 years of providing service, we have recorded 1000+ successful project deliveries all over the globe. eSparkBiz is a one-stop solution for all your technological needs and takes care of all your requirements, right from project ideation to development, thorough testing, and service after sales.
"
Bacancy,#1 Software Outsourcing & IT Staff Augmentation,4.7,49 reviews,"$10,000+",< $25 / hr,"Ahmedabad, India",/profile/bacancy,"Bacancy is an ISO 9001:2013 certified company renowned for software development and top-of-the-line web and mobile app development services for startups, SMEs, large-scale enterprises, and Fortune 500 clients worldwide since 2011, withÂ 12+ years of experience. We have served brands likeÂ FRANKLIN TEMPLETON INVESTMENT, KPMG, Verizon, UPS, Renault, 3M, Volkswagen, Scotch, Shell, Infosys, Swiggy, Wipro, and Bangkok Bank.
"
Radixweb,Custom Software Development | Dedicated Teams,4.8,46 reviews,"$25,000+",$25 - $49 / hr,"Ahmedabad, India",/profile/radixweb,"Since early 2000, Radixweb has armed business ranging from startups, to mid-sized corps and Fortune 500 companies with dedicated teams of software engineers, and helped them digitally transform from legacy units to unicorn businesses. Partnering with over 3500 clients, we have delivered unparalleled technology solutions and triggered digital transformation for innumerous businesses around the world.
"
The Digital Aditya,#1 Content-centric Digital Marketing Agency,5.0,73 reviews,"$1,000+",$25 - $49 / hr,"Ahmedabad, India",/profile/digital-aditya,No detailed information available
Sourceved Technologies Pvt Ltd,We Understand Better So We Deliver Best,4.9,7 reviews,"$50,000+",$25 - $49 / hr,"Ahmedabad, India",/profile/sourceved-technologies,"Sourceved Technologies Pvt Ltd is a premier web development company that offers a gamut of information technology services to cater to the requirements of diverse business verticals including ecommerce, retail, education, entertainment, real estate, medical, healthcare and lots more.
"
World Web Technology Pvt. Ltd.,Delivering Solutions,4.9,33 reviews,"$1,000+",< $25 / hr,"Ahmedabad, India",/profile/world-web-technology,"World Web Technology â€“ Indo-american based Software Application & Plugin Development Company focused on delivering offshore software and web solutions to work with startups and enterprises to help simplify their outsourcing experience and reduce costs/time-to-market.
"
Creole Studios,"Tailoring Mobile, Web & Cloud apps, that PERFORM!",4.8,28 reviews,"$10,000+",$25 - $49 / hr,"Ahmedabad, India",/profile/creole-studios,"Creole Studios is a software studio that specializes in Web Development, Mobile App Development, Cloud App Development & Resources for hire.
"
360 Degree Technosoft,Web and Mobile App Development Company,4.9,25 reviews,"$5,000+",< $25 / hr,"Ahmedabad, India",/profile/360-degree-technosoft,"Since 2010, 360 Degree Technosoft has been an India based Mobile Application Development Company serving clients in USA, UK, Canada. With the advent of mobile technology, we build mobile applications for finance, business, education, news, fashion, sports, restaurant and weather apps that will increase the revenue and save the extra expenses.
"
OpenXcell,A Leading Mobile App Development Company,4.8,21 reviews,"$10,000+",< $25 / hr,"Ahmedabad, India",/profile/openxcell,"Incorporated in 2009 and headquartered in the USA, OpenXcell is a leading resource hiring and custom software development company known for providing the top 1% talent in the IT industry, with highly skilled resources of over 10 years of domain experience. Our inimitable talent recruitment practices ensure the best resource selection and development of innovative solutions that are futuristic and user-friendly. We have evolved into a one-stop destination offering end-to-end Business & Technology Consultation.
"
Maruti Techlabs,Product Development Partner for SMBs & Enterprises,4.8,32 reviews,"$25,000+",$25 - $49 / hr,"Ahmedabad, India",/profile/maruti-techlabs,"Maruti Techlabs is an award-winning product strategy, design, and development partner. We bring the strategic value of product development consultants, the technical expertise of product engineers, data and systems architects combined with the UX-first approach to early-stage startups and established ventures.
"
iSyncEvolution,IT Development & Consultant Company India,5.0,8 reviews,"$10,000+",$25 - $49 / hr,"Ahmedabad, India",/profile/isyncevolution,"iSyncEvolution provides an IT software development & Consultant services for more than 12 years.
"
WebClues Infotech,Top Mobile App and Software Development Company,4.8,17 reviews,"$5,000+",< $25 / hr,"Ahmedabad, India",/profile/webclues-infotech,"WebClues Infotech, founded in 2014, is a CMMI Level 5 certified IT solution provider with headquarters in India, the USA, and UAE. Our vision is to provide state-of-the-art mobile and web application solutions to our clients. We are known for our holistic approach to providing end-to-end solutions, technical expertise, and business intelligence in web and mobile app development.
"
WebMob Technologies,Think Bigger Make Better,4.7,36 reviews,"$10,000+",< $25 / hr,"Ahmedabad, India",/profile/webmob-technologies,"Webmob Technologies is a global leader in custom web and app development, offering consulting and development services to businesses of all sizes - from startups to mid-sized organizations to enterprises. Our custom web and app development expertise has earned us top reviews & a prominent position in the industry.
"
Alian Software Inc.,Top Web designers and developers,4.9,28 reviews,"$1,000+",$25 - $49 / hr,"Anand, India",/profile/alian-software,"Alian Software is a global IT brand & Top-Rated IT services agency recognized for its quality of services in innovative software solutions.
"
Silicon IT Hub Inc.,97% project success over 25 years,5.0,18 reviews,"$25,000+",$25 - $49 / hr,"Ahmedabad, India",/profile/silicon-it-hub,"Silicon IT Hub is an ISO certified organization, is one of the leading software solutions providers.Â The leading web & mobile app development company is known for its continuous efforts in delivering better, easy and smart solutions. The company never compromises with its quality of services whether it is about transparent communication, the coding standards or maintaining prompt support for the clients in their convenient time zones.
"
