Name,Description,Rating,Reviews,MinimumProjectSize,Hourly Rate,Location,Profile URL
MobileCoderz Technologies Pvt Ltd,Helping Start-up's Go Mobile,4.6,45 reviews,"$5,000+",< $25 / hr,"Carson City, NV",/profile/mobilecoderz-technologies#reviews
Ebryx Tech,Letâ€™s create the next big thing together,4.9,7 reviews,"$10,000+",$25 - $49 / hr,"Salem, NH",/profile/ebryx-tech#reviews
Rorko,Results By Technology ðŸ’¯,4.9,12 reviews,"$5,000+",< $25 / hr,"Bengaluru, India",/profile/rorko#reviews
WPWeb Infotech,Trusted Web & eCommerce Development Partner,5.0,47 reviews,"$5,000+",< $25 / hr,"Ahmedabad, India",/profile/wpweb-infotech
Techuz,Delivering Promises,4.9,35 reviews,"$5,000+",< $25 / hr,"Ahmedabad, India",/profile/techuz
Excelfixer Sdn Bhd,We make your digital ideas a reality.,5.0,7 reviews,"$10,000+",$25 - $49 / hr,"Petaling Jaya, Malaysia",/profile/excelfixer-sdn-bhd#reviews
Wednesday Solutions,Technology partner to digital first businesses,4.8,13 reviews,"$5,000+",$25 - $49 / hr,"Pune, India",/profile/wednesday-solutions#reviews
Multidots,Trusted Enterprise WordPress Agency,4.9,30 reviews,"$25,000+",$50 - $99 / hr,"Ahmedabad, India",/profile/multidots
AllianceTek,Empowering IT Solutions,4.9,38 reviews,"$25,000+",$25 - $49 / hr,"Ahmedabad, India",/profile/alliancetek
Groovy Technoweb Pvt. Ltd.,Top Mobile and Web App development company,4.9,48 reviews,"$5,000+",< $25 / hr,"Nadiad, India",/profile/groovy-technoweb
Simform,Digital Product Engineering and Talent Solutions,4.8,55 reviews,"$25,000+",$25 - $49 / hr,"Ahmedabad, India",/profile/simform
MindInventory,Your New Age Digital Transformation Partner,4.6,46 reviews,"$10,000+",$25 - $49 / hr,"Ahmedabad, India",/profile/mindinventory
Hyperlink InfoSystem,"#1 Mobile App, Web, & Software Development Company",4.9,142 reviews,"$25,000+",$25 - $49 / hr,"Ahmedabad, India",/profile/hyperlink-infosystem
TatvaSoft,Custom Web and Mobile development organization,4.9,40 reviews,"$10,000+",< $25 / hr,"Ahmedabad, India",/profile/tatvasoft
Crest Coder,Hire Best Development Services at $15 P/H,4.7,28 reviews,"$5,000+",< $25 / hr,"Ahmedabad, India",/profile/crest-coder
iQlance Solutions,IT Outsourcing  Partner | Hire Dedicated Developer,4.8,38 reviews,"$5,000+",$25 - $49 / hr,"Ahmedabad, India",/profile/iqlance-solutions
CMARIX,Envision â€¢ Leverage â€¢ Infinite,4.9,55 reviews,"$5,000+",$25 - $49 / hr,"Ahmedabad, India",/profile/cmarix
Aubergine Solutions,Creating impact through design and technology,4.9,38 reviews,"$10,000+",$25 - $49 / hr,"Ahmedabad, India",/profile/aubergine-solutions
Uplers,"Web development, Design, Digital & Email Marketing",4.9,123 reviews,"$1,000+",$25 - $49 / hr,"Ahmedabad, India",/profile/uplers
Agile Infoways LLC,Top-rated Custom Software Development Company,4.9,36 reviews,"$10,000+",$25 - $49 / hr,"Ahmedabad, India",/profile/agile-infoways
POSITIWISE,Best Web development company in .NET & Wordpress,5.0,6 reviews,"$5,000+",< $25 / hr,"Ahmedabad, India",/profile/positiwise
Tridhya Tech Limited,Fastest Growing Web and Mobile App Company,4.9,36 reviews,"$5,000+",< $25 / hr,"Ahmedabad, India",/profile/tridhya-tech
Albiorix Technology Pvt. Ltd.,Custom Web Application Development Company,5.0,9 reviews,"$10,000+",$25 - $49 / hr,"Ahmedabad, India",/profile/albiorix-technology
Zignuts Technolab,Custom Mobile App And Web Development Agency,4.8,47 reviews,"$10,000+",< $25 / hr,"Gandhinagar, India",/profile/zignuts-technolab
Vrinsoft Technology,Top Android & IOS App Development Company in India,4.8,16 reviews,"$10,000+",< $25 / hr,"Ahmedabad, India",/profile/vrinsoft-technology
IIH Global Limited,Most Trusted & Award Winning IT Firm,4.8,50 reviews,"$1,000+",< $25 / hr,"Ahmedabad, India",/profile/iih-global
Techcronus Business Solutions,Enterprise Applications & Custom Digital Solutions,4.7,5 reviews,"$5,000+",< $25 / hr,"Ahmedabad, India",/profile/techcronus-business-solutions
F(x) Data Labs,Artificial Intelligence & Machine Learning Experts,5.0,13 reviews,"$1,000+",< $25 / hr,"Ahmedabad, India",/profile/fx-data-labs
Digiwhiz,Web Design & Development Company | Umbraco Partner,5.0,7 reviews,"$1,000+",$25 - $49 / hr,"Ahmedabad, India",/profile/digiwhiz
Dolphin Web Solution Pvt.Ltd,"Web, Mobile Apps & eCommerce Solution Provider",4.9,13 reviews,"$10,000+",$25 - $49 / hr,"Ahmedabad, India",/profile/dolphin-web-solution-pvtltd
Space-O Technologies,Enterprise Mobile App Development Company,4.8,59 reviews,"$25,000+",$25 - $49 / hr,"Ahmedabad, India",/profile/space-o-technologies
Wishtree Technologies,Delivering Digital,4.7,18 reviews,"$5,000+",$25 - $49 / hr,"Ahmedabad, India",/profile/wishtree-technologies
Solution Analysts,"Analyzing needs, delivering solutions",4.9,13 reviews,"$10,000+",< $25 / hr,"Ahmedabad, India",/profile/solution-analysts
Sapphire Software Solutions,"One stop solution for Web, Mobile and Desktop App",5.0,242 reviews,"$5,000+",< $25 / hr,"Ahmedabad, India",/profile/sapphire-software-solutions
Software Co,Software Development Experts,5.0,36 reviews,"$10,000+",$50 - $99 / hr,"Ahmedabad, India",/profile/software-co
Prismetric,Delivering Quality Products and Premium Services,4.8,59 reviews,"$5,000+",< $25 / hr,"Gandhinagar, India",/profile/prismetric
Nettyfy Technologies,We Code Your Dreams To Reality,5.0,7 reviews,"$5,000+",$25 - $49 / hr,"Ahmedabad, India",/profile/nettyfy-technologies
SoluteLabs,"Product Development, Simplified",4.7,19 reviews,"$10,000+",$25 - $49 / hr,"Ahmedabad, India",/profile/solutelabs
FintegrationFS | MobileFirst Applications,Your Fintech Technology Partner,4.7,9 reviews,"$10,000+",$25 - $49 / hr,"Ahmedabad, India",/profile/fintegrationfs-mobilefirst-applications
Evince Development,Delivering Growth by Digital Transformation,5.0,32 reviews,"$10,000+",$25 - $49 / hr,"Ahmedabad, India",/profile/evince-development
eSparkBiz,â­â­â­   Top 10 Staff Augmentation Company,4.9,44 reviews,"$5,000+",< $25 / hr,"Ahmedabad, India",/profile/esparkbiz
Bacancy,#1 Software Outsourcing & IT Staff Augmentation,4.7,49 reviews,"$10,000+",< $25 / hr,"Ahmedabad, India",/profile/bacancy
Radixweb,Custom Software Development | Dedicated Teams,4.8,46 reviews,"$25,000+",$25 - $49 / hr,"Ahmedabad, India",/profile/radixweb
The Digital Aditya,#1 Content-centric Digital Marketing Agency,5.0,73 reviews,"$1,000+",$25 - $49 / hr,"Ahmedabad, India",/profile/digital-aditya
Sourceved Technologies Pvt Ltd,We Understand Better So We Deliver Best,4.9,7 reviews,"$50,000+",$25 - $49 / hr,"Ahmedabad, India",/profile/sourceved-technologies
World Web Technology Pvt. Ltd.,Delivering Solutions,4.9,33 reviews,"$1,000+",< $25 / hr,"Ahmedabad, India",/profile/world-web-technology
Creole Studios,"Tailoring Mobile, Web & Cloud apps, that PERFORM!",4.8,28 reviews,"$10,000+",$25 - $49 / hr,"Ahmedabad, India",/profile/creole-studios
360 Degree Technosoft,Web and Mobile App Development Company,4.9,25 reviews,"$5,000+",< $25 / hr,"Ahmedabad, India",/profile/360-degree-technosoft
OpenXcell,A Leading Mobile App Development Company,4.8,21 reviews,"$10,000+",< $25 / hr,"Ahmedabad, India",/profile/openxcell
Maruti Techlabs,Product Development Partner for SMBs & Enterprises,4.8,32 reviews,"$25,000+",$25 - $49 / hr,"Ahmedabad, India",/profile/maruti-techlabs
iSyncEvolution,IT Development & Consultant Company India,5.0,8 reviews,"$10,000+",$25 - $49 / hr,"Ahmedabad, India",/profile/isyncevolution
WebClues Infotech,Top Mobile App and Software Development Company,4.8,17 reviews,"$5,000+",< $25 / hr,"Ahmedabad, India",/profile/webclues-infotech
WebMob Technologies,Think Bigger Make Better,4.7,36 reviews,"$10,000+",< $25 / hr,"Ahmedabad, India",/profile/webmob-technologies
Alian Software Inc.,Top Web designers and developers,4.9,28 reviews,"$1,000+",$25 - $49 / hr,"Anand, India",/profile/alian-software
Silicon IT Hub Inc.,97% project success over 25 years,5.0,18 reviews,"$25,000+",$25 - $49 / hr,"Ahmedabad, India",/profile/silicon-it-hub
